,KMeans,GMM,FuzzyCMeans,Agglomerative,Spectral
68,0.023047161731830728,0.0254843720093938,0.023182918036470688,0.021518928185083695,0.02746982555492212
