,p_value,stat,test,result
0,6.483769385954559e-117,729363.1573209745,KMeans = GMM,False
1,6.483769385964097e-117,854.0276092263856,GMM = KMeans,False
2,3.2418846929820485e-117,854.0276092263856,GMM > KMeans,False
