,GMM,KMeans
68,0.17652416489380848,0.08347115158274704
123,0.17502686579783205,0.08367962215247332
4255,0.1753231678165953,0.08390750103136993
