,p_value,stat,test,result
0,1.7751276396135482e-18,69.14416852157024,KMeans = GMM = FuzzyCMeans,False
1,7.371490175198516e-12,-8.62322719465843,GMM = KMeans,False
2,0.9999999999963143,-8.62322719465843,GMM > KMeans,True
3,8.67086578027353e-11,7.969738439164912,FuzzyCMeans = GMM,False
4,4.335432890136765e-11,7.969738439164912,FuzzyCMeans > GMM,False
5,8.67086578027353e-11,7.969738439164912,FuzzyCMeans = GMM,False
6,4.335432890136765e-11,7.969738439164912,FuzzyCMeans > GMM,False
7,5.286104737708163e-43,-40.214133774052144,FuzzyCMeans = KMeans,False
8,1.0,-40.214133774052144,FuzzyCMeans > KMeans,True
