,p_value,stat,test,result
0,1.637907157409477e-19,74.08303770168226,KMeans = GMM = FuzzyCMeans,False
1,1.7576707002573817e-12,-8.925888146127274,GMM = KMeans,False
2,0.9999999999991211,-8.925888146127274,GMM > KMeans,True
3,2.3417510508322712e-11,8.249463020751913,FuzzyCMeans = GMM,False
4,1.1708755254161356e-11,8.249463020751913,FuzzyCMeans > GMM,False
5,2.3417510508322712e-11,8.249463020751913,FuzzyCMeans = GMM,False
6,1.1708755254161356e-11,8.249463020751913,FuzzyCMeans > GMM,False
7,6.71564666894291e-45,-41.62558307438933,FuzzyCMeans = KMeans,False
8,1.0,-41.62558307438933,FuzzyCMeans > KMeans,True
