,KMeans,GMM,FuzzyCMeans,Agglomerative,Spectral,Max,Min
68,0.09197727604689254,0.08440036928048737,0.08758181674419098,,0.08943083038334987,KMeans,GMM
94,0.09197727604689254,0.08394614138793684,0.08758181674419098,,0.0889168843940793,KMeans,GMM
Average,0.09197727604689254,0.0841732553342121,0.08758181674419098,0.08639882100693314,0.08917385738871458,KMeans,GMM
42,,,,0.08639882100693314,,Agglomerative,Agglomerative
