,KMeans,GMM,FuzzyCMeans,Agglomerative,Spectral,Max,Min
68,0.18023760411889828,0.2064351941171993,0.162411822880827,,0.3011183047949576,Spectral,FuzzyCMeans
94,0.1823558483081805,0.19474290229533267,0.17409966044611966,,0.30107394195373255,Spectral,FuzzyCMeans
Average,0.18129672621353937,0.200589048206266,0.16825574166347335,0.22043448456656878,0.3010961233743451,Spectral,FuzzyCMeans
42,,,,0.22043448456656878,,Agglomerative,Agglomerative
