,KMeansAgainstGMM,GMMAgainstFuzzyCMeans,GMMAgainstAgglomerative,GMMAgainstSpectral
pValue,7.280267875669797e-33,1.0,1.0,0.9999999999711072
Stat,34.871004209355725,-57.22233629121318,-136.30458351740572,-9.858528900425247
Cluster1Avg,0.4077865441952204,0.4077865441952204,0.4077865441952204,0.4077865441952204
Cluster2Avg,0.4077865441952204,0.38973456346550367,0.36478645561448336,0.40464240078211305
Winner,GMM,GMM,GMM,GMM
