,KMeans_anomaly_detection,all_data_KMeans,KNN_anomaly_detection
68,0.4115028926523338,0.4022726375974877,0.4022858666208598
123,0.4115028926523338,0.4022436371897048,0.4024972458985415
