,p_value,stat,test,result
0,6.243715007693855e-116,503616.42632963834,3 = 4,False
1,9.382879017537167e-112,-690.7347582512771,4 = 3,False
2,1.0,-690.7347582512771,4 > 3,True
