,p_value,stat,test,result
0,2.9951523312466865e-264,1402778.756019748,3 = 5 = 4 = 6,False
1,6.086107524854555e-126,-1056.0115297834393,5 = 3,False
2,1.0,-1056.0115297834393,5 > 3,True
3,1.1983711705981935e-92,-281.5040943498792,4 = 5,False
4,1.0,-281.5040943498792,4 > 5,True
5,1.0446228698524852e-119,-824.4571704561477,6 = 4,False
6,1.0,-824.4571704561477,6 > 4,True
