,p_value,stat,test,result
0,4.06673459596966e-186,63039.82360494585,3 = 4 = 5 = 6,False
1,4.0492206512353895e-116,-714.9784009646926,4 = 3,False
2,1.0,-714.9784009646926,4 > 3,True
3,1.342642433864364e-60,-78.5356892982627,5 = 4,False
4,1.0,-78.5356892982627,5 > 4,True
5,1.069103315912337e-77,-155.36833218037856,6 = 5,False
6,1.0,-155.36833218037856,6 > 5,True
