,p_value,stat,test,result
0,2.0163053888521317e-90,1256.0138680563477,3 = 4 = 5 = 6,False
1,2.186273772249299e-160,-3416.6227942696514,4 = 3,False
2,1.0,-3416.6227942696514,4 > 3,True
3,5.756376876501279e-10,-7.373679161538354,5 = 4,False
4,0.9999999997121811,-7.373679161538354,5 > 4,True
5,1.76250895216798e-11,-8.260625265068443,6 = 5,False
6,0.9999999999911875,-8.260625265068443,6 > 5,True
