,p_value,stat,test,result
0,7.543722409350591e-84,1049.0183052685813,4 = 5 = 6 = 3,False
1,3.0903380232593136e-14,-10.001198190921343,5 = 4,False
2,0.9999999999999846,-10.001198190921343,5 > 4,True
3,2.8754016840584963e-22,-15.485899173226894,6 = 5,False
4,1.0,-15.485899173226894,6 > 5,True
5,7.703343315864219e-25,-17.522086274228577,3 = 6,False
6,1.0,-17.522086274228577,3 > 6,True
