,p_value,stat,test,result
0,1.5131205701174907e-26,377.0925409757209,3 = 2,False
1,1.5131205701174186e-26,-19.418870744091215,2 = 3,False
2,1.0,-19.418870744091215,2 > 3,True
