,p_value,stat,test,result
0,3.155134153836814e-167,45694310.574227214,3 = 2,False
1,3.15513414844964e-167,-6759.756695104759,2 = 3,False
2,1.0,-6759.756695104759,2 > 3,True
