,p_value,stat,test,result
0,1.465922789225658e-108,366897.01815016347,3 = 2,False
1,1.4659227892220358e-108,-605.7202474329184,2 = 3,False
2,1.0,-605.7202474329184,2 > 3,True
