,p_value,stat,test,result
0,0.004873012378008131,203.71309479434703,2 = 3,False
1,0.004873012378008161,14.272809632106277,3 = 2,False
2,0.0024365061890040804,14.272809632106277,3 > 2,False
