,p_value,stat,test,result
0,7.140142533622378e-05,14003.822674801857,2 = 3,False
1,7.140142533620234e-05,118.3377483088387,3 = 2,False
2,3.570071266810117e-05,118.3377483088387,3 > 2,False
