,p_value,stat,test,result
0,2.135787196383062e-58,357.09264838607703,3 = 4 = 2 = 5,False
1,2.1496715366113375e-49,-50.00221451810743,4 = 3,False
2,1.0,-50.00221451810743,4 > 3,True
3,1.5009177777416187e-05,-4.72597953495741,2 = 4,False
4,0.9999924954111113,-4.72597953495741,2 > 4,True
5,0.5537929730157454,-0.5955496724118908,5 = 2,True
