,p_value,stat,test,result
0,2.2870227803368395e-214,193581.84005229952,4 = 3 = 5 = 2,False
1,1.3755156545156537e-64,-92.12889178026256,3 = 4,False
2,1.0,-92.12889178026256,3 > 4,True
3,0.4250316423031879,-0.8033864964619313,5 = 3,True
4,4.2004684434841095e-107,-499.8279938367831,2 = 5,False
5,1.0,-499.8279938367831,2 > 5,True
