,p_value,stat,test,result
0,3.722019400357178e-296,3480266.3496110532,3 = 5 = 4 = 2,False
1,1.0580062163463133e-72,-117.8321537556065,5 = 3,False
2,1.0,-117.8321537556065,5 > 3,True
3,8.125961634762806e-88,-210.76909649097828,4 = 5,False
4,1.0,-210.76909649097828,4 > 5,True
5,6.688861819752683e-169,-4737.000524909037,2 = 4,False
6,1.0,-4737.000524909037,2 > 4,True
