,p_value,stat,test,result
0,0.0,60639298.97460202,4 = 5 = 3 = 2,False
1,1.2076487198137827e-190,-13779.653705233159,5 = 4,False
2,1.0,-13779.653705233159,5 > 4,True
3,7.628451880402682e-109,-535.6015507213261,3 = 5,False
4,1.0,-535.6015507213261,3 > 5,True
5,1.4217266857968747e-173,-6997.012927238534,2 = 3,False
6,1.0,-6997.012927238534,2 > 3,True
